cohort,units,strategy,detection_percent
all,5104,fixed,75.0
all,5104,bytewise,56.896551724137936
all,5104,uniform,65.61520376175548
all,5104,bytewise-sparse,75.39838035527691
all,5104,state-feature,65.85031347962382
all,5104,state-feature-no-parser,78.35031347962382
all,5104,callback-aware,78.56583072100314
all,5104,two-obligation,77.39028213166145
all,5104,no-shadow,71.55172413793103
old-input-old-action,2560,fixed,81.953125
old-input-old-action,2560,bytewise,74.1796875
old-input-old-action,2560,uniform,74.1796875
old-input-old-action,2560,bytewise-sparse,81.88802083333333
old-input-old-action,2560,state-feature,74.765625
old-input-old-action,2560,state-feature-no-parser,83.4375
old-input-old-action,2560,callback-aware,83.6328125
old-input-old-action,2560,two-obligation,83.6328125
old-input-old-action,2560,no-shadow,77.734375
new-input-old-action,1140,fixed,72.28070175438597
new-input-old-action,1140,bytewise,66.57894736842105
new-input-old-action,1140,uniform,66.81286549707602
new-input-old-action,1140,bytewise-sparse,71.81286549707603
new-input-old-action,1140,state-feature,70.96491228070175
new-input-old-action,1140,state-feature-no-parser,77.10526315789473
new-input-old-action,1140,callback-aware,77.10526315789473
new-input-old-action,1140,two-obligation,77.10526315789473
new-input-old-action,1140,no-shadow,72.28070175438597
old-input-new-action,972,fixed,72.7366255144033
old-input-new-action,972,bytewise,24.691358024691358
old-input-new-action,972,uniform,54.698216735253766
old-input-new-action,972,bytewise-sparse,75.17146776406035
old-input-new-action,972,state-feature,49.074074074074076
old-input-new-action,972,state-feature-no-parser,77.77777777777779
old-input-new-action,972,callback-aware,78.39506172839506
old-input-new-action,972,two-obligation,72.22222222222221
old-input-new-action,972,no-shadow,65.74074074074075
new-input-new-action,432,fixed,46.06481481481482
new-input-new-action,432,bytewise,1.3888888888888888
new-input-new-action,432,uniform,36.26543209876543
new-input-new-action,432,bytewise-sparse,46.913580246913575
new-input-new-action,432,state-feature,37.26851851851852
new-input-new-action,432,state-feature-no-parser,52.77777777777778
new-input-new-action,432,callback-aware,52.77777777777778
new-input-new-action,432,two-obligation,52.77777777777778
new-input-new-action,432,no-shadow,46.06481481481482
new-input-all-action,1572,fixed,65.07633587786259
new-input-all-action,1572,bytewise,48.66412213740458
new-input-all-action,1572,uniform,58.41815097540288
new-input-all-action,1572,bytewise-sparse,64.97031382527567
new-input-all-action,1572,state-feature,61.704834605597966
new-input-all-action,1572,state-feature-no-parser,70.41984732824427
new-input-all-action,1572,callback-aware,70.41984732824427
new-input-all-action,1572,two-obligation,70.41984732824427
new-input-all-action,1572,no-shadow,65.07633587786259
