scalar_bytes,independent_cut_probability,failure_percent
2,0.0,0.0
2,0.005,0.4851862546781328
2,0.01,0.941480149401
2,0.015,1.369962382245211
2,0.02,1.7716847617279998
2,0.025,2.1476707525634766
2,0.03,2.498916014787
2,0.035,2.8263889362870547
2,0.04,3.131031158784
2,0.045,3.41375809729507
2,0.05,3.6754594531249998
2,0.055,3.9169997204216482
2,0.06,4.139218686336
2,0.065,4.342931924825915
2,0.07,4.528931284143
2,0.075,4.6979853680419925
2,0.08,4.850840010752
2,0.085,4.988218745749007
2,0.09,5.110823268369
2,0.095,5.219333892301086
2,0.1,5.31441
2,0.105,5.396690487057352
2,0.11,5.466794200571
2,0.115,5.5253203715519295
2,0.12,5.572849041407999
2,0.125,5.609941482543945
2,0.13,5.637140613116999
2,0.135,5.654971405987523
2,0.14,5.663941291904
2,0.145,5.664540556961789
2,0.15,5.657242734375
2,0.155,5.642504990600867
2,0.16,5.620768505856
2,0.165,5.592458849063883
2,0.17,5.557986347273
2,0.17500000000000002,5.517746449584961
2,0.18,5.472120085632
2,0.185,5.421474018643226
2,0.19,5.366161193139
2,0.195,5.306521077292805
2,0.2,5.2428799999999995
2,0.20500000000000002,5.17555148269282
2,0.21,5.1048365659409995
2,0.215,5.031024130877398
2,0.22,4.954391215488
2,0.225,4.875203325805664
2,0.23,4.793714742046999
2,0.23500000000000001,4.710168819731742
2,0.24,4.624798285824
2,0.245,4.537825529934758
2,0.25,4.449462890625
2,0.255,4.359912936848835
2,0.26,4.269368744576
2,0.265,4.178014168633101
2,0.27,4.086024109803
2,0.275,3.9935647772216796
2,0.28,3.900793946112
2,0.28500000000000003,3.8078612108936953
2,0.29,3.714908233709
2,0.295,3.6220689884032735
2,0.3,3.52947
2,0.305,3.437230579709539
2,0.31,3.345463055511
2,0.315,3.2542729983466168
2,0.32,3.163759443968
2,0.325,3.0740151104736326
2,0.33,2.985126611577
2,0.335,2.8971746656447106
2,0.34,2.8102343005440003
2,0.34500000000000003,2.7243750543389766
2,0.35000000000000003,2.6396611718750003
2,0.355,2.5561517972905548
2,0.36,2.473901162496
2,0.365,2.39295877165857
2,0.37,2.3133695817330002
2,0.375,2.2351741790771484
2,0.38,2.158408952192
2,0.385,2.083106260625414
2,0.39,2.009294600079
2,0.395,1.9369987637574921
2,0.4,1.86624
2,0.405,1.7970361662325078
2,0.41000000000000003,1.729401879281
2,0.41500000000000004,1.663348662084586
2,0.42,1.5988850868479998
2,0.425,1.5360169146728517
2,0.43,1.474747231707
2,0.435,1.4150765818514297
2,0.44,1.357003096064
2,0.445,1.3005226182994454
2,0.45,1.245628828125
2,0.455,1.1923133600510234
2,0.46,1.140565919616
2,0.465,1.090374396265289
2,0.47000000000000003,1.0417249730629998
2,0.47500000000000003,0.9946022332763671
2,0.48,0.948989263872
2,0.485,0.9048677559633829
2,0.49,0.8622181022490001
2,0.495,0.8210194914804609
2,0.5,0.78125
2,0.505,0.7428866803867266
2,0.51,0.705905647251
2,0.515,0.6702821602163047
2,0.52,0.635990704128
2,0.525,0.6030050665283203
2,0.53,0.5712984124370001
2,0.535,0.5408433564768984
2,0.54,0.511612032384
2,0.545,0.4835761599411641
2,0.55,0.456707109375
2,0.555,0.4309759632552422
2,0.56,0.406353575936
2,0.5650000000000001,0.3828106305782578
2,0.5700000000000001,0.360317693793
2,0.5750000000000001,0.33884526794433595
2,0.58,0.318363841152
2,0.585,0.29884393503260154
2,0.59,0.28025615021899997
2,0.595,0.2625712096971797
2,0.6,0.24575999999999998
2,0.605,0.2297936102971953
2,0.61,0.21464336942099999
2,0.615,0.20028088086677343
2,0.62,0.18667805580799998
2,0.625,0.17380714416503906
2,0.63,0.16164076376699998
2,0.635,0.15015192764611718
2,0.64,0.139314069504
2,0.645,0.12910106738913282
2,0.65,0.11948726562499999
2,0.655,0.11044749502821094
2,0.66,0.101957091456
2,0.665,0.09399191272247656
2,0.67,0.086528353923
2,0.675,0.0795433612060547
2,0.68,0.073014444032
2,0.685,0.06691968595807031
2,0.6900000000000001,0.061237753989
2,0.6950000000000001,0.05594790653264843
2,0.7000000000000001,0.05103
2,0.705,0.046464494088914066
2,0.71,0.042232455791000004
2,0.715,0.03831556216099219
2,0.72,0.034696101888
2,0.725,0.031356975708007814
2,0.73,0.028281695697000002
2,0.735,0.02545438348408594
2,0.74,0.022859767423999998
2,0.745,0.020483178768351564
2,0.75,0.018310546875
2,0.755,0.016328393494929688
2,0.76,0.014523826176
2,0.765,0.012884530822945313
2,0.77,0.011398763453
2,0.775,0.010055341186523438
2,0.78,0.008843632512
2,0.785,0.007753546864789063
2,0.79,0.006775523559
2,0.795,0.005900520111867188
2,0.8,0.0051199999999999996
2,0.805,0.004425919886882812
2,0.81,0.003810716361
2,0.8150000000000001,0.0032672922239609377
2,0.8200000000000001,0.002789002368
2,0.8250000000000001,0.0023696392822265626
2,0.8300000000000001,0.0020034182270000003
2,0.835,0.0016849621158046874
2,0.84,0.001409286144
2,0.845,0.0011717822038203125
2,0.85,0.000968203125
2,0.855,0.0007946467803984376
2,0.86,0.000647540096
2,0.865,0.0005236230046640625
2,0.87,0.000419932383
2,0.875,0.0003337860107421875
2,0.88,0.00026276659199999996
2,0.885,0.00020470587775781252
2,0.89,0.000157668929
2,0.895,0.00011993855983593751
2,0.9,8.999999999999999e-05
2,0.905,6.65258161015625e-05
2,0.91,4.8361131e-05
2,0.915,3.45091806796875e-05
2,0.92,2.4117247999999998e-05
2,0.925,1.64630126953125e-05
2,0.93,1.0941357e-05
2,0.935,7.0516662734375e-06
2,0.9400000000000001,4.385664e-06
2,0.9450000000000001,2.6158205390625e-06
2,0.9500000000000001,1.484375e-06
2,0.9550000000000001,7.930096171875001e-07
2,0.96,3.9321599999999997e-07
2,0.965,1.773926328125e-07
2,0.97,7.0713e-08
2,0.975,2.38037109375e-08
2,0.98,6.272000000000001e-09
2,0.985,1.1219765625e-09
2,0.99,9.900000000000001e-11
2,0.995,1.5546874999999999e-12
2,1.0,0.0
3,0.0,0.0
3,0.005,0.9679465780828749
3,0.01,1.87354549730799
3,0.015,2.7193753287567435
3,0.02,3.50793582822144
3,0.025,4.2416497363128665
3,0.03,4.92286454913039
3,0.035,5.553854259804063
3,0.04,6.13682107121664
3,0.045,6.673897080211863
3,0.05,7.16714593359375
3,0.055,7.618564456220106
3,0.06,8.03008425149184
3,0.065,8.403573274538143
3,0.07,8.74083737839599
3,0.075,9.043621833480834
3,0.08,9.31361282064384
3,0.085,9.55243889810935
3,0.09,9.76167244258479
3,0.095,9.942831064833568
3,0.1,10.097379
3,0.105,10.226728472973681
3,0.11,10.33224103907919
3,0.115,10.415228900375388
3,0.12,10.47695619784704
3,0.125,10.518640279769897
3,0.13,10.54145294652879
3,0.135,10.546521672166731
3,0.14,10.53493080294144
3,0.145,10.507722733164119
3,0.15,10.46589905859375
3,0.155,10.4104217076586
3,0.16,10.342214050775041
3,0.165,10.262161988032224
3,0.17,10.171115015509589
3,0.17500000000000002,10.069887270492554
3,0.18,9.959258555850239
3,0.185,9.839975343837457
3,0.19,9.71275175958159
3,0.195,9.578270544513511
3,0.2,9.437184
3,0.20500000000000002,9.290114911433612
3,0.21,9.13765745303439
3,0.215,8.980378073616157
3,0.22,8.81881636356864
3,0.225,8.653485903305054
3,0.23,8.48487509342319
3,0.23500000000000001,8.313447966826525
3,0.24,8.139644983050239
3,0.245,7.9638838050355005
3,0.25,7.78656005859375
3,0.255,7.608048074801219
3,0.26,7.4287016155622405
3,0.265,7.248854582578431
3,0.27,7.06882170995919
3,0.275,6.888899240707397
3,0.28,6.70936558731264
3,0.28500000000000003,6.530481976682688
3,0.29,6.35249307964239
3,0.295,6.175627625227581
3,0.3,6.000099
3,0.305,5.826105832607668
3,0.31,5.65383256381359
3,0.315,5.48345000221405
3,0.32,5.31511586586624
3,0.325,5.148975310043335
3,0.33,4.98516144133359
3,0.335,4.823795818298444
3,0.34,4.66498893890304
3,0.34500000000000003,4.508840714931006
3,0.35000000000000003,4.3554409335937505
3,0.355,4.204869706542962
3,0.36,4.05719790649344
3,0.365,3.9124875916617627
3,0.37,3.77079241822479
3,0.375,3.632158041000366
3,0.38,3.4966225025510402
3,0.385,3.3642166109100438
3,0.39,3.23496430612719
3,0.395,3.108883015830775
3,0.4,2.9859839999999997
3,0.405,2.8662726851408498
3,0.41000000000000003,2.74974898805679
3,0.41500000000000004,2.6364076294040686
3,0.42,2.52623843721984
3,0.425,2.4192266406097414
3,0.43,2.31535315377999
3,0.435,2.2145948505974875
3,0.44,2.11692482985984
3,0.445,2.022312671455637
3,0.45,1.93072468359375
3,0.455,1.8421241412788312
3,0.46,1.7564715162086402
3,0.465,1.6737246982672187
3,0.47000000000000003,1.59383920878639
3,0.47500000000000003,1.5167684057464599
3,0.48,1.44246368108544
3,0.485,1.3708746502845248
3,0.49,1.30194933439599
3,0.495,1.2356343346780938
3,0.5,1.171875
3,0.505,1.1106155871781562
3,0.51,1.0517994144039902
3,0.515,0.9953690079212124
3,0.52,0.94126624210944
3,0.525,0.8894324731292724
3,0.53,0.83980866628239
3,0.535,0.7923355172386561
3,0.54,0.74695356728064
3,0.545,0.7036033127143937
3,0.55,0.66222530859375
3,0.555,0.622760266903825
3,0.56,0.58514914934784
3,0.5650000000000001,0.5493332548797999
3,0.5700000000000001,0.51525430212399
3,0.5750000000000001,0.48285450682067876
3,0.58,0.45207665443584
3,0.585,0.4228641680711312
3,0.59,0.39516117180878996
3,0.595,0.36891254962453746
3,0.6,0.344064
3,0.605,0.32056208636458744
3,0.61,0.29835428349519
3,0.615,0.2773890200004812
3,0.62,0.25761571701504005
3,0.625,0.2389848232269287
3,0.63,0.22144784636079
3,0.635,0.20495738123694995
3,0.64,0.18946713452544
3,0.645,0.17493194631227496
3,0.65,0.16130780859375
3,0.655,0.1485518808129437
3,0.66,0.13662250255104
3,0.665,0.12547920348450622
3,0.67,0.11508271071758999
3,0.675,0.10539495359802246
3,0.68,0.09637906612224001
3,0.685,0.08799938703486246
3,0.6900000000000001,0.08022145772559
3,0.6950000000000001,0.0730120180251062
3,0.7000000000000001,0.06633900000000001
3,0.705,0.06017151984514371
3,0.71,0.054479867970390006
3,0.715,0.049235497376874965
3,0.72,0.04441101041664
3,0.725,0.03998014402770996
3,0.73,0.03591775353519
3,0.735,0.032199795107368714
3,0.74,0.028803306954239997
3,0.745,0.025706389354281208
3,0.75,0.02288818359375
3,0.755,0.02032884990118746
3,0.76,0.01800954445824
3,0.765,0.015912395566337462
3,0.77,0.014020479047189999
3,0.775,0.01231779295349121
3,0.78,0.010789231664639999
3,0.785,0.009420559440718712
3,0.79,0.008198383506390001
3,0.795,0.007110126734799961
3,0.8,0.006143999999999999
3,0.805,0.005288974264824961
3,0.81,0.00453475246959
3,0.8150000000000001,0.003871741285393711
3,0.8200000000000001,0.0032910227942400004
3,0.8250000000000001,0.002784326156616211
3,0.8300000000000001,0.00234399932559
3,0.835,0.0019629808649124607
3,0.84,0.00163477192704
3,0.845,0.001353408445412461
3,0.85,0.00111343359375
3,0.855,0.0009098705635562109
3,0.86,0.00073819570944
3,0.865,0.000594312110293711
3,0.87,0.00047452359279
3,0.875,0.00037550926208496094
3,0.88,0.00029429858304
3,0.885,0.00022824705369996095
3,0.89,0.00017501251119
3,0.895,0.00013253210861871093
3,0.9,9.900000000000001e-05
3,0.905,7.284576863121094e-05
3,0.91,5.271363279e-05
3,0.915,3.744246103746093e-05
3,0.92,2.6046627839999998e-05
3,0.925,1.769773864746094e-05
3,0.93,1.1707251990000001e-05
3,0.935,7.510024581210938e-06
3,0.9400000000000001,4.64880384e-06
3,0.9450000000000001,2.7596906687109373e-06
3,0.9500000000000001,1.55859375e-06
3,0.9550000000000001,8.286950499609374e-07
3,0.96,4.0894464e-07
3,0.965,1.836013749609375e-07
3,0.97,7.283439e-08
3,0.975,2.4398803710937502e-08
3,0.98,6.397439999999999e-09
3,0.985,1.1388062109375e-09
3,0.99,9.999e-11
3,0.995,1.5624609375000001e-12
3,1.0,0.0
4,0.0,0.0
4,0.005,1.4482930998705934
4,0.01,2.79629019173591
4,0.015,4.048547081070604
4,0.02,5.2094618733850115
4,0.025,6.2832792454685205
4,0.03,7.274094627443478
4,0.035,8.185858296997974
4,0.04,9.022379387151974
4,0.045,9.787329808897399
4,0.05,10.484248090039063
4,0.055,11.116543131549648
4,0.06,11.68749788273833
4,0.065,12.20027293651908
4,0.07,12.65791004605127
4,0.075,13.063335564011764
4,0.08,13.419363805744332
4,0.085,13.728700337519061
4,0.09,13.99394519112116
4,0.095,14.217596005975466
4,0.1,14.4020511
4,0.105,14.549612470368798
4,0.11,14.66248872535148
4,0.115,14.742797948384148
4,0.12,14.792570495513397
4,0.125,14.813751727342606
4,0.13,14.808204676597047
4,0.135,14.777712652411745
4,0.14,14.723981782433636
4,0.145,14.64864349381711
4,0.15,14.553256934179688
4,0.155,14.439311333572386
4,0.16,14.308228308507035
4,0.165,14.16136410907079
4,0.17,14.00001181014596
4,0.17500000000000002,13.82540344774132
4,0.18,13.638712101429196
4,0.185,13.441053923870752
4,0.19,13.233490118400088
4,0.195,13.017028865626182
4,0.2,12.7926272
4,0.20500000000000002,12.561192837282542
4,0.21,12.323585953838167
4,0.215,12.080620918666082
4,0.22,11.833067979071538
4,0.225,11.58165490086708
4,0.23,11.327068563982856
4,0.23500000000000001,11.069956514354033
4,0.24,10.810928472942184
4,0.245,10.55055780273656
4,0.25,10.289382934570312
4,0.255,10.027908752575744
4,0.26,9.766607940092058
4,0.265,9.505922286828248
4,0.27,9.246263958073209
4,0.275,8.988016726734543
4,0.28,8.7315371689771
4,0.28500000000000003,8.477155824221818
4,0.29,8.225178320255097
4,0.295,7.975886464188718
4,0.3,7.729539300000001
4,0.305,7.486374133371869
4,0.31,7.246607524542377
4,0.315,7.0104362498632415
4,0.32,6.7780382327570425
4,0.325,6.549573444752883
4,0.33,6.325184777270505
4,0.335,6.104998884813176
4,0.34,5.8891270002200065
4,0.34500000000000003,5.677665722618785
4,0.35000000000000003,5.470697778710938
4,0.355,5.268292758010765
4,0.36,5.070507822651801
4,0.365,4.877388392363789
4,0.37,4.688968805214618
4,0.375,4.505272954702377
4,0.38,4.326314903773644
4,0.385,4.152099476335091
4,0.39,3.9826228268165855
4,0.395,3.817872988335111
4,0.4,3.6578304
4,0.405,3.502468413891314
4,0.41000000000000003,3.351753782234506
4,0.41500000000000004,3.205647125285966
4,0.42,3.0641033804355073
4,0.425,2.9270722330234524
4,0.43,2.7944985293615945
4,0.435,2.6663226724390103
4,0.44,2.5424810007855103
4,0.445,2.422906150957324
4,0.45,2.3075274041015623
4,0.455,2.1962710170479864
4,0.46,2.0890605383686656
4,0.465,1.985817109838251
4,0.47000000000000003,1.8864597537197867
4,0.47500000000000003,1.7909056462932589
4,0.48,1.6990703780364287
4,0.485,1.6108682008599131
4,0.49,1.526212262790955
4,0.495,1.4450148304928983
4,0.5,1.3671875
4,0.505,1.292641396039914
4,0.51,1.2212873603089551
4,0.515,1.1530361290580926
4,0.52,1.0877985003405313
4,0.525,1.0254854912647247
4,0.53,0.9660084855897233
4,0.535,0.9092793719928737
4,0.54,0.8552106733330943
4,0.545,0.8037156672262131
4,0.55,0.7547084982421874
4,0.555,0.7081042820274444
4,0.56,0.6638192016490496
4,0.5650000000000001,0.6217705964509708
4,0.5700000000000001,0.5818770437063158
4,0.5750000000000001,0.5440584333431243
4,0.58,0.5082360360150527
4,0.585,0.47433256478212105
4,0.59,0.4422722306606039
4,0.595,0.41198079229511736
4,0.6,0.3833856
4,0.605,0.3564156344112074
4,0.61,0.3310015399841241
4,0.615,0.3070756535669587
4,0.62,0.2845720282737152
4,0.625,0.26342645287513733
4,0.63,0.24357646692049228
4,0.635,0.22496137179760395
4,0.64,0.2075222379331584
4,0.645,0.1912019083299904
4,0.65,0.17594499863281252
4,0.655,0.16169789390867653
4,0.66,0.1484087423233536
4,0.665,0.13602744588978613
4,0.67,0.1245056484598047
4,0.675,0.11379672112541198
4,0.68,0.1038557451911168
4,0.685,0.09463949287405199
4,0.6900000000000001,0.0861064058839329
4,0.6950000000000001,0.07821657203030584
4,0.7000000000000001,0.0709317
4,0.705,0.06421509244323145
4,0.71,0.058031617502413105
4,0.715,0.05234767891340156
4,0.72,0.0471311848046592
4,0.725,0.04235151531562805
4,0.73,0.0379794891515013
4,0.735,0.03398732918753865
4,0.74,0.030348627232102403
4,0.745,0.027038308053693273
4,0.75,0.0240325927734375
4,0.755,0.021308961720720616
4,0.76,0.0188461168459776
4,0.765,0.016623943781034614
4,0.77,0.014623473633853698
4,0.775,0.012826844601058962
4,0.78,0.0112172634782208
4,0.785,0.009778967144543585
4,0.79,0.0084971840953419
4,0.795,0.00735809609250118
4,0.8,0.0063488
4,0.805,0.00545726986852368
4,0.81,0.0046723193302221
4,0.8150000000000001,0.003983564361758774
4,0.8200000000000001,0.0033813864709632
4,0.8250000000000001,0.0028568963596343993
4,0.8300000000000001,0.0024018981123503
4,0.835,0.0020088539585152434
4,0.84,0.0016708496523263998
4,0.845,0.001381560512859244
4,0.85,0.0011352181640625
4,0.855,0.0009265780121140881
4,0.86,0.0007508874953215999
4,0.865,0.0006038551395537135
4,0.87,0.0004816204500627
4,0.875,0.0003807246685028076
4,0.88,0.0002980824219648
4,0.885,0.000230954288933308
4,0.89,0.0001769203052309
4,0.895,0.00013385443124090213
4,0.9,9.990000000000002e-05
4,0.905,7.344616412152754e-05
4,0.91,5.31053579511e-05
4,0.915,3.769178986787168e-05
4,0.92,2.62009782272e-05
4,0.925,1.779034309387207e-05
4,0.93,1.17608646393e-05
4,0.935,7.539817871216211e-06
4,0.9400000000000001,4.6645922304e-06
4,0.9450000000000001,2.7676035258416013e-06
4,0.9500000000000001,1.5623046875000002e-06
4,0.9550000000000001,8.303008944357422e-07
4,0.96,4.0957378559999997e-07
4,0.965,1.838186809361328e-07
4,0.97,7.289803170000001e-08
4,0.975,2.4413681030273434e-08
4,0.98,6.3999488e-09
4,0.985,1.1390586556640626e-09
4,0.99,9.99999e-11
4,0.995,1.5624998046874998e-12
4,1.0,0.0
